{
  "2025-11-04T19:29:25": {
    "comment": "prima_convergenza_oculus",
    "T_max": 5.091525464124437e-06,
    "u_e": 2.5285127681833113,
    "alpha": 0.005,
    "delta": 1e-07,
    "fd_method": "forward",
    "newton_iter": 6893,
    "lam_initial": {
      "lr": -0.62523,
      "ltheta": -9.94e-07,
      "lphi": 0.0,
      "lu": -0.083881,
      "lv": -0.79387,
      "lw": 0.0,
      "lm": 0.99999,
      "t1": 2.09,
      "t2": 3.29,
      "tf": 5.4
    },
    "lam_updated": {
      "lr": -0.625311962,
      "ltheta": -1e-09,
      "lphi": -0.0,
      "lu": -0.084589708,
      "lv": -0.793876352,
      "lw": -0.0,
      "lm": 0.999987234,
      "t1": 2.093051426,
      "t2": 3.297087599,
      "tf": 5.399695374
    }
  }
}